{
  "name": "adapt-contrib-spoor",
  "version": "5.4.1",
  "framework": ">=5.19.6",
  "homepage": "https://github.com/adaptlearning/adapt-contrib-spoor",
  "bugs": "https://github.com/adaptlearning/adapt-contrib-spoor/issues",
  "extension": "spoor",
  "displayName": "Spoor",
  "description": "An extension which allows basic SCORM tracking",
  "main": "/js/adapt-contrib-spoor.js",
  "keywords": [
    "adapt-plugin",
    "adapt-extension"
  ],
  "license": "GPL-3.0",
  "targetAttribute": "_spoor",
  "private": true,
  "devDependencies": {
    "@semantic-release/commit-analyzer": "^9.0.2",
    "@semantic-release/git": "^10.0.1",
    "@semantic-release/github": "^8.0.5",
    "@semantic-release/npm": "^9.0.1",
    "@semantic-release/release-notes-generator": "^10.0.3",
    "conventional-changelog-eslint": "^3.0.9",
    "semantic-release": "^19.0.3"
  },
  "scripts": {
    "postversion": "cp package.json bower.json"
  },
  "release": {
    "plugins": [
      [
        "@semantic-release/commit-analyzer",
        {
          "preset": "eslint"
        }
      ],
      [
        "@semantic-release/release-notes-generator",
        {
          "preset": "eslint"
        }
      ],
      "@semantic-release/npm",
      "@semantic-release/github",
      [
        "@semantic-release/git",
        {
          "assets": [
            "package.json",
            "bower.json"
          ],
          "message": "Chore(release): ${nextRelease.version} [skip ci]\n\n${nextRelease.notes}"
        }
      ]
    ]
  },
  "_release": "5.4.1",
  "_resolution": {
    "type": "version",
    "tag": "v5.4.1",
    "commit": "c8f42cf6346e6d053643a1f8822de3c89812dc0c"
  },
  "_source": "https://github.com/adaptlearning/adapt-contrib-spoor.git",
  "_target": "5.4.1",
  "_originalSource": "adapt-contrib-spoor",
  "_direct": true
}