{
  "name": "adapt-contrib-trickle",
  "version": "6.3.5",
  "framework": ">=5.19.1",
  "homepage": "https://github.com/adaptlearning/adapt-contrib-trickle",
  "bugs": "https://github.com/adaptlearning/adapt-contrib-trickle/issues",
  "extension": "trickle",
  "displayName": "Trickle",
  "description": "A vertical locking extension",
  "main": "/js/adapt-contrib-trickle.js",
  "keywords": [
    "adapt-plugin",
    "adapt-extension"
  ],
  "license": "GPL-3.0",
  "targetAttribute": "_trickle",
  "private": true,
  "devDependencies": {
    "@semantic-release/commit-analyzer": "^9.0.2",
    "@semantic-release/git": "^10.0.1",
    "@semantic-release/github": "^8.0.5",
    "@semantic-release/npm": "^9.0.1",
    "@semantic-release/release-notes-generator": "^10.0.3",
    "conventional-changelog-eslint": "^3.0.9",
    "semantic-release": "^19.0.3"
  },
  "scripts": {
    "postversion": "cp package.json bower.json"
  },
  "release": {
    "plugins": [
      [
        "@semantic-release/commit-analyzer",
        {
          "preset": "eslint"
        }
      ],
      [
        "@semantic-release/release-notes-generator",
        {
          "preset": "eslint"
        }
      ],
      "@semantic-release/npm",
      "@semantic-release/github",
      [
        "@semantic-release/git",
        {
          "assets": [
            "package.json",
            "bower.json"
          ],
          "message": "Chore(release): ${nextRelease.version} [skip ci]\n\n${nextRelease.notes}"
        }
      ]
    ]
  },
  "_release": "6.3.5",
  "_resolution": {
    "type": "version",
    "tag": "v6.3.5",
    "commit": "817d4a8efc91d53718cdf8819a2c80ef523ab763"
  },
  "_source": "https://github.com/adaptlearning/adapt-contrib-trickle.git",
  "_target": "6.3.5",
  "_originalSource": "adapt-contrib-trickle",
  "_direct": true
}