{
  "name": "adapt-contrib-boxMenu",
  "version": "6.0.1",
  "framework": ">=5.19.1",
  "homepage": "https://github.com/adaptlearning/adapt-contrib-boxMenu",
  "bugs": "https://github.com/adaptlearning/adapt-contrib-boxMenu/issues",
  "menu": "boxMenu",
  "displayName": "Box Menu",
  "description": "A core bundled menu",
  "main": "js/adapt-contrib-boxMenu.js",
  "keywords": [
    "adapt-plugin",
    "adapt-menu"
  ],
  "license": "GPL-3.0",
  "targetAttribute": "_boxMenu",
  "private": true,
  "devDependencies": {
    "@semantic-release/commit-analyzer": "^9.0.2",
    "@semantic-release/git": "^10.0.1",
    "@semantic-release/github": "^8.0.5",
    "@semantic-release/npm": "^9.0.1",
    "@semantic-release/release-notes-generator": "^10.0.3",
    "conventional-changelog-eslint": "^3.0.9",
    "semantic-release": "^19.0.3"
  },
  "scripts": {
    "postversion": "cp package.json bower.json"
  },
  "release": {
    "plugins": [
      [
        "@semantic-release/commit-analyzer",
        {
          "preset": "eslint"
        }
      ],
      [
        "@semantic-release/release-notes-generator",
        {
          "preset": "eslint"
        }
      ],
      "@semantic-release/npm",
      "@semantic-release/github",
      [
        "@semantic-release/git",
        {
          "assets": [
            "package.json",
            "bower.json"
          ],
          "message": "Chore(release): ${nextRelease.version} [skip ci]\n\n${nextRelease.notes}"
        }
      ]
    ]
  },
  "_release": "6.0.1",
  "_resolution": {
    "type": "version",
    "tag": "v6.0.1",
    "commit": "4c5e98430710228c3ea6535249f81b8d050bad5e"
  },
  "_source": "https://github.com/adaptlearning/adapt-contrib-boxmenu.git",
  "_target": "6.0.1",
  "_originalSource": "adapt-contrib-boxMenu",
  "_direct": true
}