{
  "$anchor": "dnd-multiple-course",
  "$schema": "https://json-schema.org/draft/2020-12/schema",
  "type": "object",
  "$patch": {
    "source": {
      "$ref": "course"
    },
    "with": {
      "properties": {
        "_globals": {
          "type": "object",
          "default": {},
          "properties": {
            "_components": {
              "type": "object",
              "default": {},
              "properties": {
                "_dnd-multiple": {
                  "type": "object",
                  "title": "Drag and drop multiple",
                  "default": {},
                  "properties": {
                    "ariaRegion": {
                      "type": "string",
                      "title": "ARIA region",
                      "default": "Drag and drop. Drag the items and then submit.",
                      "_adapt": {
                        "translatable": true
                      }
                    }
                  }
                }
              }
            }
          }
        }
      }
    }
  }
}
