{
  "name": "adapt-contrib-tutor",
  "version": "4.4.0",
  "framework": ">=5.18",
  "homepage": "https://github.com/adaptlearning/adapt-contrib-tutor",
  "bugs": "https://github.com/adaptlearning/adapt-contrib-tutor/issues",
  "extension": "tutor",
  "displayName": "Tutor",
  "description": "An extension which provides a basic feedback overlay for question components",
  "main": "/js/adapt-contrib-tutor.js",
  "keywords": [
    "adapt-plugin",
    "adapt-extension"
  ],
  "license": "GPL-3.0",
  "targetAttribute": "_tutor",
  "private": true,
  "devDependencies": {
    "@semantic-release/commit-analyzer": "^9.0.2",
    "@semantic-release/git": "^10.0.1",
    "@semantic-release/github": "^8.0.5",
    "@semantic-release/npm": "^9.0.1",
    "@semantic-release/release-notes-generator": "^10.0.3",
    "conventional-changelog-eslint": "^3.0.9",
    "semantic-release": "^19.0.3"
  },
  "scripts": {
    "postversion": "cp package.json bower.json"
  },
  "release": {
    "plugins": [
      [
        "@semantic-release/commit-analyzer",
        {
          "preset": "eslint"
        }
      ],
      [
        "@semantic-release/release-notes-generator",
        {
          "preset": "eslint"
        }
      ],
      "@semantic-release/npm",
      "@semantic-release/github",
      [
        "@semantic-release/git",
        {
          "assets": [
            "package.json",
            "bower.json"
          ],
          "message": "Chore(release): ${nextRelease.version} [skip ci]\n\n${nextRelease.notes}"
        }
      ]
    ]
  },
  "_release": "4.4.0",
  "_resolution": {
    "type": "version",
    "tag": "v4.4.0",
    "commit": "2ab455e74432e993e287943464a10b35e190c3ea"
  },
  "_source": "https://github.com/adaptlearning/adapt-contrib-tutor.git",
  "_target": "4.4.0",
  "_originalSource": "adapt-contrib-tutor",
  "_direct": true
}